{"options":{"check_for_updates":false,"comment":null,"compat_foreach":false,"compat_metadata":false,"compat_powerful_this":null,"compat_wrappedjsobject":false,"compatopts_for_requires":true,"noframes":null,"override":{"merge_connects":true,"merge_excludes":true,"merge_includes":true,"merge_matches":true,"orig_connects":[],"orig_excludes":[],"orig_includes":[],"orig_matches":["https://sproutgigs.com/jobs/submit-task.php*"],"orig_noframes":null,"orig_run_at":"document-idle","orig_run_in":[],"use_blockers":[],"use_connects":["pastebin.com","githubusercontent.com"],"use_excludes":[],"use_includes":[],"use_matches":[]},"run_at":null,"run_in":null,"sandbox":null,"tags":[],"unwrap":null,"user_modified":null},"settings":{"enabled":true,"position":171},"meta":{"name":"1:1:1.1-mig2479-lafalda.it","uuid":"44e0ec2d-d920-42cc-bdf3-d61cf49e40d4","modified":1727339383996}}